https://demo.tibillet.localhost/qr/76dc433c-00ac-479c-93c4-b7a0710246af,76DC433C,EE144CE8
https://demo.tibillet.localhost/qr/87683c94-1187-49ae-a64d-54174f6eb76d,87683C94,93BD3684
https://demo.tibillet.localhost/qr/c2b2400c-1f7e-4305-b75e-8c1db3f8d113,C2B2400C,41726643
https://demo.tibillet.localhost/qr/7c9b0d8a-6c37-433b-a091-2c6017b085f0,7C9B0D8A,11372ACA
https://demo.tibillet.localhost/qr/8ee38b17-fc02-4c8d-84cb-59eaaa059ee0,A9253967,4D64463B
https://demo.tibillet.localhost/qr/f75234fc-0c86-40cf-ae00-604cd3719403,F75234FC,CC3EB41E
https://demo.tibillet.localhost/qr/b2eba074-f070-4fe3-9150-deda224b708d,B2EBA074,91168FE9
https://demo.tibillet.localhost/qr/5ddb4c9f-5f9e-4fa1-aacb-60316f2a3aea,5DDB4C9F,A14F75E9
https://demo.tibillet.localhost/qr/189ce45e-d606-4e5a-bfbe-5ed5ec5e4995,189CE45E,A14DD6CA
https://demo.tibillet.localhost/qr/d6cad253-b6cf-4d8f-9238-0927de8a4ce9,D6CAD253,01F097CA
https://demo.tibillet.localhost/qr/eced8aef-3e1f-4614-be11-b756768c9bad,ECED8AEF,4172AACA
https://demo.tibillet.localhost/qr/7dc2fee6-a312-4ff3-849c-b26da9302174,7DC2FEE6,F18923CB
